fuzzer,domain-name,dns-a,dns-aaaa,dns-mx,dns-ns,geoip-country,whois-created,whois-updated,ssdeep-score
Original*,**.co,104.22.18.122,,alt1.aspmx.l.google.com,gail.ns.cloudflare.com,,,,
Addition,**a.co,,,,,,,,
Addition,**b.co,,,,,,,,
Addition,**c.co,,,,,,,,
Addition,**d.co,,,,,,,,
Addition,**e.co,,,,,,,,
Addition,**f.co,,,,,,,,
Addition,**g.co,,,,,,,,
Addition,**h.co,,,,,,,,
Addition,**i.co,,,,,,,,
Addition,**j.co,,,,,,,,
Addition,**k.co,,,,,,,,
Addition,**l.co,52.58.78.16,,,ns1.dan.com,,,,
Addition,**m.co,,,,,,,,
Addition,**n.co,,,,,,,,
Addition,**o.co,,,,,,,,
Addition,**p.co,,,,,,,,
Addition,**q.co,,,,,,,,
Addition,**r.co,,,alt1.gmr-smtp-in.l.google.com,ns-cloud-e1.googledomains.com,,,,
Addition,**s.co,174.100.97.44,,,lou.ns.cloudflare.com,,,,
Addition,**t.co,,,,,,,,
Addition,**u.co,,,,,,,,
Addition,**v.co,,,,,,,,
Addition,**w.co,,,,,,,,
Addition,**x.co,,,,,,,,
Addition,**y.co,,,,,,,,
Addition,**z.co,,,,,,,,
Bitsquatting,frove.co,,,redirect.ovh.net,dns100.ovh.net,,,,
Bitsquatting,erove.co,,,,,,,,
Bitsquatting,crove.co,50.63.202.58,,,ns33.domaincontrol.com,,,,
Bitsquatting,orove.co,,,,,,,,
Bitsquatting,wrove.co,,,,,,,,
Bitsquatting,gsove.co,,,,,,,,
Bitsquatting,gpove.co,,,,,,,,
Bitsquatting,gvove.co,,,,,,,,
Bitsquatting,gzove.co,,,,,,,,
Bitsquatting,gbove.co,,,,,,,,
Bitsquatting,g2ove.co,,,,,,,,
Bitsquatting,grnve.co,,,,,,,,
Bitsquatting,grmve.co,,,,,,,,
Bitsquatting,grkve.co,,,,,,,,
Bitsquatting,grgve.co,,,,,,,,
Bitsquatting,growe.co,,,,,,,,
Bitsquatting,grote.co,89.31.143.1,,mx00.udag.de,ns.udag.de,,,,
Bitsquatting,grore.co,,,,,,,,
Bitsquatting,grofe.co,,,,,,,,
Bitsquatting,gro6e.co,,,,,,,,
Bitsquatting,grovd.co,,,,,,,,
Bitsquatting,grovg.co,,,,,,,,
Bitsquatting,grova.co,50.63.202.52,,,ns13.domaincontrol.com,,,,
Bitsquatting,grovm.co,,,,,,,,
Bitsquatting,grovu.co,,,,,,,,
Homoglyph,xn--qroe-2l5a.co,,,,,,,,
Homoglyph,xn--rov-2fb70c.co,,,,,,,,
Homoglyph,xn--rove-kqb.co,,,,,,,,
Homoglyph,xn--ove-2ya33k.co,,,,,,,,
Homoglyph,xn--gr0v-3zb.co,,,,,,,,
Homoglyph,xn--rve-c7a27g.co,,,,,,,,
Homoglyph,xn--gov-8la6088a.co,,,,,,,,
Homoglyph,xn--gve-sna8378a.co,,,,,,,,
Homoglyph,xn--roe-gsa6656c.co,,,,,,,,
Homoglyph,xn--rve-gna20k.co,,,,,,,,
Homoglyph,xn--rov-8la57j.co,,,,,,,,
Homoglyph,xn--goe-dlb0635c.co,,,,,,,,
Homoglyph,xn--gve-nya40i.co,,,,,,,,
Homoglyph,xn--ove-gsa43j.co,,,,,,,,
Homoglyph,xn--rovc-9pb.co,,,,,,,,
Homoglyph,xn--rve-wsa5909a.co,,,,,,,,
Homoglyph,xn--ove-wsa4y.co,,,,,,,,
Homoglyph,xn--roe-dub1907a.co,,,,,,,,
Homoglyph,xn--qrov-yva.co,,,,,,,,
Homoglyph,xn--g0ve-5cc.co,,,,,,,,
Homoglyph,xn--ove-osa4x.co,,,,,,,,
Homoglyph,xn--grv-2ra29k.co,,,,,,,,
Homoglyph,xn--ove-mya34e.co,,,,,,,,
Homoglyph,xn--grv-xnb2a.co,,,,,,,,
Homoglyph,xn--ove-osa42j.co,,,,,,,,
Homoglyph,xn--gov-5qa19j.co,,,,,,,,
Homoglyph,xn--rov-wsa77l.co,,,,,,,,
Homoglyph,xn--gve-kob89a.co,,,,,,,,
Homoglyph,xn--ove-osa41j.co,,,,,,,,
Homoglyph,xn--rov-7ra75k.co,,,,,,,,
Homoglyph,xn--gro-dma8486c.co,,,,,,,,
Homoglyph,xn--goe-k7yq61g.co,,,,,,,,
Homoglyph,xn--gve-c7a82i.co,,,,,,,,
Homoglyph,xn--grv-era2619a.co,,,,,,,,
Homoglyph,xn--goe-4kb5057a.co,,,,,,,,
Homoglyph,xn--roe-7ra6178a.co,,,,,,,,
Homoglyph,xn--gov-5qa16a.co,,,,,,,,
Homoglyph,xn--gov-2ra15j.co,,,,,,,,
Homoglyph,xn--gve-lxb9437a.co,,,,,,,,
Homoglyph,xn--gve-c7a37f.co,,,,,,,,
Homoglyph,xn--ove-7ra47o.co,,,,,,,,
Homoglyph,xn--gov-3ya60j.co,,,,,,,,
Homoglyph,xn--ove-wsa44o.co,,,,,,,,
Homoglyph,xn--rov-8la5y.co,,,,,,,,
Homoglyph,xn--grv-mra20e.co,,,,,,,,
Homoglyph,xn--ove-osa94o.co,,,,,,,,
Homoglyph,xn--goe-dxb0796a.co,,,,,,,,
Homoglyph,xn--goe-lxb0696a.co,,,,,,,,
Homoglyph,xn--grv-lma22g.co,,,,,,,,
Homoglyph,xn--gre-xcztt.co,,,,,,,,
Homoglyph,xn--gove-54b.co,,,,,,,,
Homoglyph,xn--gov-xnb1917a.co,,,,,,,,
Homoglyph,xn--gov-hma62r.co,,,,,,,,
Homoglyph,xn--gov-dma19l.co,,,,,,,,
Homoglyph,xn--grv-drb2367a.co,,,,,,,,
Homoglyph,xn--grv-hna5348a.co,,,,,,,,
Homoglyph,xn--grv-xnb2777a.co,,,,,,,,
Homoglyph,xn--rve-7ra57d.co,,,,,,,,
Homoglyph,xn--gov-vya66h.co,,,,,,,,
Homoglyph,xn--rov-2ra04n.co,,,,,,,,
Homoglyph,xn--ove-2fb4657a.co,,,,,,,,
Homoglyph,xn--grv-5qa2619a.co,,,,,,,,
Homoglyph,xn--roe-whb6945c.co,,,,,,,,
Homoglyph,xn--grv-hna51o.co,,,,,,,,
Homoglyph,xn--grv-mra2419a.co,,,,,,,,
Homoglyph,xn--rov-2fb75a.co,,,,,,,,
Homoglyph,xn--gr0v-8oa.co,,,,,,,,
Homoglyph,xn--rov-gsa79l.co,,,,,,,,
Homoglyph,xn--gre-lob4025c.co,,,,,,,,
Homoglyph,xn--govc-5g5a.co,,,,,,,,
Homoglyph,xn--rve-wsa5809a.co,,,,,,,,
Homoglyph,xn--rov-5qa07h.co,,,,,,,,
Homoglyph,xn--g0ve-qh5a.co,,,,,,,,
Homoglyph,xn--rov-lma06j.co,,,,,,,,
Homoglyph,xn--grv-8la74n.co,,,,,,,,
Homoglyph,xn--ove-gsa4358a.co,,,,,,,,
Homoglyph,xn--gov-ura15m.co,,,,,,,,
Homoglyph,xn--rov-mra06n.co,,,,,,,,
Homoglyph,xn--roe-wsa1847a.co,,,,,,,,
Homoglyph,xn--gve-gna30c.co,,,,,,,,
Homoglyph,xn--rov-5qa0d.co,,,,,,,,
Homoglyph,xn--govc-54b.co,,,,,,,,
Homoglyph,xn--gov-nya62j.co,,,,,,,,
Homoglyph,xn--goe-3ya5148a.co,,,,,,,,
Homoglyph,xn--ove-2fb43c.co,,,,,,,,
Homoglyph,xn--gov-hma65c.co,,,,,,,,
Homoglyph,xn--gov-xnb62b.co,,,,,,,,
Homoglyph,xn--gov-ura69o.co,,,,,,,,
Homoglyph,xn--goe-dlb0826a.co,,,,,,,,
Homoglyph,xn--roe-wsa6968a.co,,,,,,,,
Homoglyph,xn--rov-2ra0a.co,,,,,,,,
Homoglyph,xn--groc-2l5a.co,,,,,,,,
Homoglyph,xn--rov-xnb0z.co,,,,,,,,
Homoglyph,xn--rve-8tb5057a.co,,,,,,,,
Homoglyph,xn--gov-era60p.co,,,,,,,,
Homoglyph,xn--rov-mra0d.co,,,,,,,,
Homoglyph,xn--gve-kob3717a.co,,,,,,,,
Homoglyph,xn--gre-hna4876c.co,,,,,,,,
Homoglyph,xn--grv-5qa23l.co,,,,,,,,
Homoglyph,xn--groe-s69b.co,,,,,,,,
Homoglyph,xn--ove-yrb3h.co,,,,,,,,
Homoglyph,xn--qrov-3zb.co,,,,,,,,
Homoglyph,xn--qrov-8oa.co,,,,,,,,
Homoglyph,xn--rve-gsa5019a.co,,,,,,,,
Homoglyph,xn--gve-3ya48h.co,,,,,,,,
Homoglyph,xn--rve-sna7r.co,,,,,,,,
Homoglyph,xn--rovc-kqb.co,,,,,,,,
Homoglyph,xn--rov-ura0c.co,,,,,,,,
Homoglyph,xn--ove-wsa94o.co,,,,,,,,
Homoglyph,xn--rov-lma0w.co,,,,,,,,
Homoglyph,xn--gro-5qa3778a.co,,,,,,,,
Homoglyph,xn--ove-gsa4258a.co,,,,,,,,
Homoglyph,xn--gov-dxb1627a.co,,,,,,,,
Homoglyph,xn--rov-ura04h.co,,,,,,,,
Homoglyph,xn--gve-gna38q.co,,,,,,,,
Homoglyph,xn--goe-dlb5435c.co,,,,,,,,
Homoglyph,xn--grv-tna0o.co,,,,,,,,
Homoglyph,xn--gve-c7a38c.co,,,,,,,,
Homoglyph,xn--ove-8tb9k.co,,,,,,,,
Homoglyph,xn--grov-3cb.co,,,,,,,,
Homoglyph,xn--gr0e-d69b.co,,,,,,,,
Homoglyph,xn--goe-5jy74c.co,,,,,,,,
Homoglyph,xn--rov-era57n.co,,,,,,,,
Homoglyph,xn--ove-2fb97e.co,,,,,,,,
Homoglyph,xn--grv-lob5586a.co,,,,,,,,
Homoglyph,xn--grov-yva.co,,,,,,,,
Homoglyph,xn--r0ve-47b.co,,,,,,,,
Homoglyph,xn--rovc-47b.co,,,,,,,,
Homoglyph,xn--ove-whb4847a.co,,,,,,,,
Homoglyph,xn--rve-gna2s.co,,,,,,,,
Homoglyph,xn--rov-hma54k.co,,,,,,,,
Homoglyph,xn--gov-5qa15a.co,,,,,,,,
Homoglyph,xn--qrov-eva.co,,,,,,,,
Homoglyph,xn--ove-2fb4t.co,,,,,,,,
Homoglyph,xn--gve-gna31c.co,,,,,,,,
Homoglyph,xn--rov-hma5w.co,,,,,,,,
Homoglyph,xn--gov-drb1y.co,,,,,,,,
Homoglyph,xn--grv-lma7c.co,,,,,,,,
Homoglyph,xn--gov-2ra1758a.co,,,,,,,,
Homoglyph,xn--grv-dma2c.co,,,,,,,,
Homoglyph,xn--gro-mra3066c.co,,,,,,,,
Homoglyph,xn--grve-rqa.co,,,,,,,,
Homoglyph,xn--grv-lob5467a.co,,,,,,,,
Homoglyph,xn--rve-whb5408a.co,,,,,,,,
Homoglyph,xn--gve-gna34l.co,,,,,,,,
Homoglyph,xn--gro-lma3286c.co,,,,,,,,
Homoglyph,xn--gve-sna82o.co,,,,,,,,
Homoglyph,xn--ove-yrb8h.co,,,,,,,,
Homoglyph,xn--rove-47b.co,,,,,,,,
Homoglyph,xn--rve-dub0057a.co,,,,,,,,
Homoglyph,xn--gov-dlb6i.co,,,,,,,,
Homoglyph,xn--gve-k7yu2a.co,,,,,,,,
Homoglyph,xn--gve-dlb4987a.co,,,,,,,,
Homoglyph,xn--rve-sna7s.co,,,,,,,,
Homoglyph,xn--grv-hna5229a.co,,,,,,,,
Homoglyph,xn--gov-era1858a.co,,,,,,,,
Homoglyph,xn--gov-5qa12p.co,,,,,,,,
Homoglyph,xn--rve-7ra5219a.co,,,,,,,,
Homoglyph,xn--gve-kob80b.co,,,,,,,,
Homoglyph,xn--gve-sna37q.co,,,,,,,,
Homoglyph,xn--gro-drb8905c.co,,,,,,,,
Homoglyph,xn--ove-osa45o.co,,,,,,,,
Homoglyph,xn--r0ve-ksb.co,,,,,,,,
Homoglyph,xn--goe-lxb0184c.co,,,,,,,,
Homoglyph,xn--gov-hxb6646a.co,,,,,,,,
Homoglyph,xn--gov-dma15c.co,,,,,,,,
Homoglyph,xn--ove-7ra4658a.co,,,,,,,,
Homoglyph,xn--gve-nya4388a.co,,,,,,,,
Homoglyph,xn--gov-drb1407a.co,,,,,,,,
Homoglyph,xn--goe-lxb5475a.co,,,,,,,,
Homoglyph,xn--grv-lma2639a.co,,,,,,,,
Homoglyph,xn--rov-mra04h.co,,,,,,,,
Homoglyph,xn--rov-8tb7937a.co,,,,,,,,
Homoglyph,xn--govc-0cc.co,,,,,,,,
Homoglyph,xn--gov-dxb1746a.co,,,,,,,,
Homoglyph,xn--gre-tna4077a.co,,,,,,,,
Homoglyph,xn--rve-gna2v.co,,,,,,,,
Homoglyph,xn--gov-2ra14j.co,,,,,,,,
Homoglyph,xn--gov-hma6188a.co,,,,,,,,
Homoglyph,xn--rov-8la5z.co,,,,,,,,
Homoglyph,xn--gve-gna35l.co,,,,,,,,
Homoglyph,xn--qrve-rx5a.co,,,,,,,,
Homoglyph,xn--gov-4kb6007a.co,,,,,,,,
Homoglyph,xn--grov-e4b.co,,,,,,,,
Homoglyph,xn--gve-3ya4288a.co,,,,,,,,
Homoglyph,xn--qrve-rqa.co,,,,,,,,
Homoglyph,xn--r0ve-kxa.co,,,,,,,,
Homoglyph,xn--gov-lma19l.co,,,,,,,,
Homoglyph,xn--gove-04a.co,,,,,,,,
Homoglyph,xn--gre-lob4537a.co,,,,,,,,
Homoglyph,xn--goe-k7y5i.co,,,,,,,,
Homoglyph,xn--gov-2ra10a.co,,,,,,,,
Homoglyph,xn--qove-5cc.co,,,,,,,,
Homoglyph,xn--rve-c7a25a.co,,,,,,,,
Homoglyph,xn--rove-kxa.co,,,,,,,,
Homoglyph,xn--ove-7ra41a.co,,,,,,,,
Homoglyph,xn--groc-d69b.co,,,,,,,,
Homoglyph,xn--grv-lma2b.co,,,,,,,,
Homoglyph,xn--roe-osa1947a.co,,,,,,,,
Homoglyph,xn--rove-ksb.co,,,,,,,,
Homoglyph,xn--gro-ycz4n.co,,,,,,,,
Homoglyph,xn--roe-osa6968a.co,,,,,,,,
Homoglyph,xn--grv-tna0m.co,,,,,,,,
Homoglyph,xn--goe-dxb5575a.co,,,,,,,,
Homoglyph,xn--gve-zrb4067a.co,,,,,,,,
Homoglyph,xn--grov-jpa.co,,,,,,,,
Homoglyph,xn--ove-gsa4z.co,,,,,,,,
Homoglyph,xn--grv-ura29d.co,,,,,,,,
Homoglyph,xn--rve-sna70j.co,,,,,,,,
Homoglyph,xn--goe-4kb5535c.co,,,,,,,,
Homoglyph,xn--roe-8tb6594c.co,,,,,,,,
Homoglyph,xn--gre-ulzy54f.co,,,,,,,,
Homoglyph,xn--gov-ura1558a.co,,,,,,,,
Homoglyph,xn--gve-c7a80i.co,,,,,,,,
Homoglyph,xn--gov-8la15r.co,,,,,,,,
Homoglyph,xn--gro-dma3798a.co,,,,,,,,
Homoglyph,xn--gro-2ra8956c.co,,,,,,,,
Homoglyph,xn--qrov-8va.co,,,,,,,,
Homoglyph,xn--gov-ura19o.co,,,,,,,,
Homoglyph,xn--gov-dma17c.co,,,,,,,,
Homoglyph,xn--qove-lwb.co,,,,,,,,
Homoglyph,xn--qrve-w0b.co,,,,,,,,
Homoglyph,xn--gro-dma3898a.co,,,,,,,,
Homoglyph,xn--grov-opa.co,,,,,,,,
Homoglyph,xn--gov-ura16j.co,,,,,,,,
Homoglyph,xn--rov-2ra00i.co,,,,,,,,
Homoglyph,xn--gro-ura3478a.co,,,,,,,,
Homoglyph,xn--gro-era3578a.co,,,,,,,,
Homoglyph,xn--rve-c7a77g.co,,,,,,,,
Homoglyph,xn--gre-pcz3t.co,,,,,,,,
Homoglyph,xn--r0ve-zwa.co,,,,,,,,
Homoglyph,xn--roe-wsa6456c.co,,,,,,,,
Homoglyph,xn--roe-wsa6868a.co,,,,,,,,
Homoglyph,xn--gove-qh5a.co,,,,,,,,
Homoglyph,xn--goe-nya5348a.co,,,,,,,,
Homoglyph,xn--gov-dlb6877a.co,,,,,,,,
Homoglyph,xn--rov-wsa7918a.co,,,,,,,,
Homoglyph,xn--rve-gna2t.co,,,,,,,,
Homoglyph,xn--gve-dxb9537a.co,,,,,,,,
Homoglyph,xn--ove-wsa95o.co,,,,,,,,
Homoglyph,xn--grv-tna0p.co,,,,,,,,
Homoglyph,xn--rov-ura01i.co,,,,,,,,
Homoglyph,xn--ove-uya34k.co,,,,,,,,
Homoglyph,xn--gr0v-jwa.co,,,,,,,,
Homoglyph,xn--grov-jwa.co,,,,,,,,
Homoglyph,xn--qrov-364a.co,,,,,,,,
Homoglyph,xn--rov-dma08j.co,,,,,,,,
Homoglyph,xn--gov-5qa1858a.co,,,,,,,,
Homoglyph,xn--ove-8tb9m.co,,,,,,,,
Homoglyph,xn--gro-mra3578a.co,,,,,,,,
Homoglyph,xn--grv-8la73g.co,,,,,,,,
Homoglyph,xn--gov-2ra12a.co,,,,,,,,
Homoglyph,xn--g0ve-vg5a.co,,,,,,,,
Homoglyph,xn--goe-87y5g.co,,,,,,,,
Homoglyph,xn--gve-sna83l.co,,,,,,,,
Homoglyph,xn--groc-s69b.co,,,,,,,,
Homoglyph,xn--gro-6jyz8e.co,,,,,,,,
Homoglyph,xn--grv-hma7739a.co,,,,,,,,
Homoglyph,xn--grv-tna0248a.co,,,,,,,,
Homoglyph,xn--gro-8la8898a.co,,,,,,,,
Homoglyph,xn--ove-wsa40m.co,,,,,,,,
Homoglyph,xn--gve-sna8278a.co,,,,,,,,
Homoglyph,xn--g0ve-04a.co,,,,,,,,
Homoglyph,xn--gro-xnb3325c.co,,,,,,,,
Homoglyph,xn--gov-hma68l.co,,,,,,,,
Homoglyph,xn--grv-dma2739a.co,,,,,,,,
Homoglyph,xn--govc-vg5a.co,,,,,,,,
Homoglyph,xn--gov-dlb6996a.co,,,,,,,,
Homoglyph,xn--gve-hxb4637a.co,,,,,,,,
Homoglyph,xn--ove-whb98d.co,,,,,,,,
Homoglyph,xn--goe-hxb5696a.co,,,,,,,,
Homoglyph,xn--roe-dub1017a.co,,,,,,,,
Homoglyph,xn--gre-tna9198a.co,,,,,,,,
Homoglyph,xn--gov-2ra1458a.co,,,,,,,,
Homoglyph,xn--gve-txb9337a.co,,,,,,,,
Homoglyph,xn--rov-2ra0b.co,,,,,,,,
Homoglyph,xn--g0ve-vwb.co,,,,,,,,
Homoglyph,xn--grve-hx5a.co,,,,,,,,
Homoglyph,xn--gov-mra16j.co,,,,,,,,
Homoglyph,xn--roe-gsa1856c.co,,,,,,,,
Homoglyph,xn--ove-uya33e.co,,,,,,,,
Homoglyph,xn--rve-osa5019a.co,,,,,,,,
Homoglyph,xn--rov-osa78l.co,,,,,,,,
Homoglyph,xn--qove-54b.co,,,,,,,,
Homoglyph,xn--qove-5g5a.co,,,,,,,,
Homoglyph,xn--gov-ura11a.co,,,,,,,,
Homoglyph,xn--gov-lma1878a.co,,,,,,,,
Homoglyph,xn--gov-era14a.co,,,,,,,,
Homoglyph,xn--gro-era8266c.co,,,,,,,,
Homoglyph,xn--gr0v-e4b.co,,,,,,,,
Homoglyph,xn--gro-5qa8557a.co,,,,,,,,
Homoglyph,xn--goe-s7y051g.co,,,,,,,,
Homoglyph,xn--rov-dma05k.co,,,,,,,,
Homoglyph,xn--rov-5qa0c.co,,,,,,,,
Homoglyph,xn--rov-7ra70m.co,,,,,,,,
Homoglyph,xn--gov-era15a.co,,,,,,,,
Homoglyph,xn--gov-dma64r.co,,,,,,,,
Homoglyph,xn--gov-lxb1527a.co,,,,,,,,
Homoglyph,xn--goe-nya0136c.co,,,,,,,,
Homoglyph,xn--rov-lma08p.co,,,,,,,,
Homoglyph,xn--ove-3kb31b.co,,,,,,,,
Homoglyph,xn--grv-lma2739a.co,,,,,,,,
Homoglyph,xn--gro-era3678a.co,,,,,,,,
Homoglyph,xn--gov-era13a.co,,,,,,,,
Homoglyph,xn--grv-era21e.co,,,,,,,,
Homoglyph,xn--gro-mra8166c.co,,,,,,,,
Homoglyph,xn--gov-j0y1o.co,,,,,,,,
Homoglyph,xn--ove-mya85k.co,,,,,,,,
Homoglyph,xn--gro-hma8798a.co,,,,,,,,
Homoglyph,xn--roe-whb1346a.co,,,,,,,,
Homoglyph,xn--gr0v-yva.co,,,,,,,,
Homoglyph,xn--gov-hxb6527a.co,,,,,,,,
Homoglyph,xn--rov-hma5z.co,,,,,,,,
Homoglyph,xn--rve-7ra5119a.co,,,,,,,,
Homoglyph,xn--rov-lma0y.co,,,,,,,,
Homoglyph,xn--gov-5qa61p.co,,,,,,,,
Homoglyph,xn--ove-2fb47e.co,,,,,,,,
Homoglyph,xn--ove-2fb4457a.co,,,,,,,,
Homoglyph,xn--goe-k7yv51g.co,,,,,,,,
Homoglyph,xn--ove-7ra98o.co,,,,,,,,
Homoglyph,xn--gov-xnb64b.co,,,,,,,,
Homoglyph,xn--gro-8la3586c.co,,,,,,,,
Homoglyph,xn--ove-whb49d.co,,,,,,,,
Homoglyph,xn--grv-2ra2219a.co,,,,,,,,
Homoglyph,xn--gve-kob3m.co,,,,,,,,
Homoglyph,xn--gov-ura68o.co,,,,,,,,
Homoglyph,xn--gro-hma3677a.co,,,,,,,,
Homoglyph,xn--gov-lma18o.co,,,,,,,,
Homoglyph,xn--gov-hma64c.co,,,,,,,,
Homoglyph,xn--ove-bgb4357a.co,,,,,,,,
Homoglyph,xn--rov-lma0x.co,,,,,,,,
Homoglyph,xn--ove-mya35k.co,,,,,,,,
Homoglyph,xn--grov-jua.co,,,,,,,,
Homoglyph,xn--gove-lwb.co,,,,,,,,
Homoglyph,xn--gov-era17m.co,,,,,,,,
Homoglyph,xn--rve-gna24p.co,,,,,,,,
Homoglyph,xn--gov-2ra14m.co,,,,,,,,
Homoglyph,xn--gro-dma3386c.co,,,,,,,,
Homoglyph,xn--goe-lxb5284c.co,,,,,,,,
Homoglyph,xn--gov-dma62r.co,,,,,,,,
Homoglyph,xn--rov-osa73k.co,,,,,,,,
Homoglyph,xn--grv-mra2519a.co,,,,,,,,
Homoglyph,xn--rove-z7b.co,,,,,,,,
Homoglyph,xn--gov-2ra68o.co,,,,,,,,
Homoglyph,xn--gro-5qa8366c.co,,,,,,,,
Homoglyph,xn--grv-ura2319a.co,,,,,,,,
Homoglyph,xn--grv-ljzye.co,,,,,,,,
Homoglyph,xn--gre-d7a9486a.co,,,,,,,,
Homoglyph,xn--gov-5qa14a.co,,,,,,,,
Homoglyph,xn--grv-8la2e.co,,,,,,,,
Homoglyph,xn--ove-bgb46e.co,,,,,,,,
Homoglyph,xn--grv-d7a59d.co,,,,,,,,
Homoglyph,xn--gve-3ya4188a.co,,,,,,,,
Homoglyph,xn--gov-ura12a.co,,,,,,,,
Homoglyph,xn--rve-8tb5947a.co,,,,,,,,
Homoglyph,xn--rov-dma0z.co,,,,,,,,
Homoglyph,xn--rov-gsa7128a.co,,,,,,,,
Homoglyph,xn--rov-hma58p.co,,,,,,,,
Homoglyph,xn--rov-bgb79b.co,,,,,,,,
Homoglyph,xn--goe-5jyx4c.co,,,,,,,,
Homoglyph,xn--gr0v-jpa.co,,,,,,,,
Homoglyph,xn--gre-tna4876c.co,,,,,,,,
Homoglyph,xn--roe-osa1756c.co,,,,,,,,
Homoglyph,xn--gov-ura1858a.co,,,,,,,,
Homoglyph,xn--rov-era05h.co,,,,,,,,
Homoglyph,xn--gov-dma1088a.co,,,,,,,,
Homoglyph,xn--gve-c7a3097a.co,,,,,,,,
Homoglyph,xn--qrov-jwa.co,,,,,,,,
Homoglyph,xn--ove-7ra97o.co,,,,,,,,
Homoglyph,xn--gov-2ra69o.co,,,,,,,,
Homoglyph,xn--gov-hma14r.co,,,,,,,,
Homoglyph,xn--ove-gsa95o.co,,,,,,,,
Homoglyph,xn--rve-sna71j.co,,,,,,,,
Homoglyph,xn--gro-drb8106a.co,,,,,,,,
Homoglyph,xn--gve-87yu1a.co,,,,,,,,
Homoglyph,xn--roe-dub1594c.co,,,,,,,,
Homoglyph,xn--qrov-ou5a.co,,,,,,,,
Homoglyph,xn--gov-dma10m.co,,,,,,,,
Homoglyph,xn--gov-xnb1p.co,,,,,,,,
Homoglyph,xn--gov-hma12r.co,,,,,,,,
Homoglyph,xn--gov-lma1978a.co,,,,,,,,
Homoglyph,qrovc.co,,,,,,,,
Homoglyph,xn--gr0v-364a.co,,,,,,,,
Homoglyph,xn--gve-c7a81i.co,,,,,,,,
Homoglyph,xn--ove-gsa96o.co,,,,,,,,
Homoglyph,xn--gr0e-nm4a.co,,,,,,,,
Homoglyph,xn--rve-wsa55k.co,,,,,,,,
Homoglyph,xn--gov-lma18l.co,,,,,,,,
Homoglyph,xn--ove-uya32e.co,,,,,,,,
Homoglyph,xn--gro-8la8798a.co,,,,,,,,
Homoglyph,xn--rov-8la55k.co,,,,,,,,
Homoglyph,xn--grv-8la7839a.co,,,,,,,,
Homoglyph,xn--gve-lxb9537a.co,,,,,,,,
Homoglyph,xn--rov-8la58j.co,,,,,,,,
Homoglyph,xn--gve-kob3617a.co,,,,,,,,
Homoglyph,xn--rov-8tb7066a.co,,,,,,,,
Homoglyph,xn--gov-8la13r.co,,,,,,,,
Homoglyph,xn--gov-hma13r.co,,,,,,,,
Homoglyph,xn--g0ve-lwb.co,,,,,,,,
Homoglyph,xn--gre-5jy83f.co,,,,,,,,
Homoglyph,xn--qrve-hx5a.co,,,,,,,,
Homoglyph,xn--rve-gna23j.co,,,,,,,,
Homoglyph,xn--gov-era1068a.co,,,,,,,,
Homoglyph,xn--goe-txb5184c.co,,,,,,,,
Homoglyph,xn--rve-sna78j.co,,,,,,,,
Homoglyph,xn--grv-8la7c.co,,,,,,,,
Homoglyph,xn--gve-vya4288a.co,,,,,,,,
Homoglyph,xn--rov-drb5k.co,,,,,,,,
Homoglyph,xn--govc-b5a.co,,,,,,,,
Homoglyph,xn--gov-nya67h.co,,,,,,,,
Homoglyph,xn--ove-2ya31e.co,,,,,,,,
Homoglyph,xn--gov-8la14r.co,,,,,,,,
Homoglyph,xn--r0ve-9pb.co,,,,,,,,
Homoglyph,xn--gov-mra16m.co,,,,,,,,
Homoglyph,gr0vc.co,,,,,,,,
Homoglyph,xn--ove-bgb4t.co,,,,,,,,
Homoglyph,xn--gov-mra13a.co,,,,,,,,
Homoglyph,xn--grv-2ra28d.co,,,,,,,,
Homoglyph,xn--gve-gna34o.co,,,,,,,,
Homoglyph,xn--qove-q4a.co,,,,,,,,
Homoglyph,xn--rov-dma00a.co,,,,,,,,
Homoglyph,xn--rve-7ra58k.co,,,,,,,,
Homoglyph,xn--roe-8tb1985a.co,,,,,,,,
Homoglyph,xn--qrov-opa.co,,,,,,,,
Homoglyph,xn--ove-dub9096a.co,,,,,,,,
Homoglyph,xn--gro-ura3956c.co,,,,,,,,
Homoglyph,xn--grv-hma7639a.co,,,,,,,,
Homoglyph,xn--rve-whb5308a.co,,,,,,,,
Homoglyph,xn--rov-whb72b.co,,,,,,,,
Homoglyph,xn--goe-3ya0926c.co,,,,,,,,
Homoglyph,xn--gov-xnb13b.co,,,,,,,,
Homoglyph,xn--rov-hma57j.co,,,,,,,,
Homoglyph,xn--gov-drb1507a.co,,,,,,,,
Homoglyph,xn--gre-d7a9295c.co,,,,,,,,
Homoglyph,xn--gve-sna88b.co,,,,,,,,
Homoglyph,xn--gov-k7ywx.co,,,,,,,,
Homoglyph,xn--gve-sna89b.co,,,,,,,,
Homoglyph,xn--gov-5qa18j.co,,,,,,,,
Homoglyph,xn--gov-3ya65h.co,,,,,,,,
Homoglyph,xn--gro-2ra3278a.co,,,,,,,,
Homoglyph,xn--roe-7ra6756c.co,,,,,,,,
Homoglyph,xn--gve-sna38q.co,,,,,,,,
Homoglyph,xn--rve-bgb5118a.co,,,,,,,,
Homoglyph,xn--roe-gsa6078a.co,,,,,,,,
Homoglyph,xn--rovc-9wa.co,,,,,,,,
Homoglyph,xn--gov-lma15c.co,,,,,,,,
Homoglyph,xn--g0ve-vcc.co,,,,,,,,
Homoglyph,xn--grve-w0b.co,,,,,,,,
Homoglyph,xn--rov-2raq.co,,,,,,,,
Homoglyph,xn--gov-dma1288a.co,,,,,,,,
Homoglyph,xn--roe-2fb6277a.co,,,,,,,,
Homoglyph,xn--gve-gna32c.co,,,,,,,,
Homoglyph,xn--rov-whb7417a.co,,,,,,,,
Homoglyph,xn--roe-osa6078a.co,,,,,,,,
Homoglyph,xn--goe-txb0596a.co,,,,,,,,
Homoglyph,xn--gve-4kb4m.co,,,,,,,,
Homoglyph,xn--goe-zrb5505c.co,,,,,,,,
Homoglyph,xn--gov-lma1188a.co,,,,,,,,
Homoglyph,xn--gov-j0yrq.co,,,,,,,,
Homoglyph,xn--qrov-ova.co,,,,,,,,
Homoglyph,xn--rve-c7a23b.co,,,,,,,,
Homoglyph,xn--ove-osa4258a.co,,,,,,,,
Homoglyph,xn--goe-txb0084c.co,,,,,,,,
Homoglyph,xn--gro-j0y303g.co,,,,,,,,
Homoglyph,xn--qove-qh5a.co,,,,,,,,
Homoglyph,xn--gov-mra60p.co,,,,,,,,
Homoglyph,xn--gov-nya6497a.co,,,,,,,,
Homoglyph,xn--gre-ulz444f.co,,,,,,,,
Homoglyph,xn--gov-drb6x.co,,,,,,,,
Homoglyph,xn--gov-xnb1227a.co,,,,,,,,
Homoglyph,xn--gov-mra10p.co,,,,,,,,
Homoglyph,xn--roe-bgb1056a.co,,,,,,,,
Homoglyph,xn--rov-5qa06h.co,,,,,,,,
Homoglyph,xn--gve-4kb4987a.co,,,,,,,,
Homoglyph,xn--grov-8ta.co,,,,,,,,
Homoglyph,xn--grv-drb2267a.co,,,,,,,,
Homoglyph,xn--grv-tna00o.co,,,,,,,,
Homoglyph,xn--gro-5qa3678a.co,,,,,,,,
Homoglyph,xn--gov-xnb63b.co,,,,,,,,
Homoglyph,xn--gov-4kb6y.co,,,,,,,,
Homoglyph,xn--qove-0cc.co,,,,,,,,
Homoglyph,xn--rov-ura05n.co,,,,,,,,
Homoglyph,xn--gov-zrb6947a.co,,,,,,,,
Homoglyph,xn--rve-dub0947a.co,,,,,,,,
Homoglyph,xn--grv-era22l.co,,,,,,,,
Homoglyph,xn--gov-mra1758a.co,,,,,,,,
Homoglyph,xn--rov-mra0a.co,,,,,,,,
Homoglyph,xn--govc-5cc.co,,,,,,,,
Homoglyph,xn--gove-vg5a.co,,,,,,,,
Homoglyph,xn--gov-ura13a.co,,,,,,,,
Homoglyph,xn--gov-dma19o.co,,,,,,,,
Homoglyph,xn--gov-drb6z.co,,,,,,,,
Homoglyph,xn--ove-7ra4458a.co,,,,,,,,
Homoglyph,xn--rov-era0b.co,,,,,,,,
Homoglyph,xn--rov-dma09p.co,,,,,,,,
Homoglyph,xn--ove-gsa46o.co,,,,,,,,
Homoglyph,xn--gove-b5a.co,,,,,,,,
Homoglyph,xn--rov-dub2066a.co,,,,,,,,
Homoglyph,xn--gr0v-opa.co,,,,,,,,
Homoglyph,qr0ve.co,,,,,,,,
Homoglyph,xn--grv-tna0n.co,,,,,,,,
Homoglyph,xn--qove-04a.co,,,,,,,,
Homoglyph,xn--gve-gna3578a.co,,,,,,,,
Homoglyph,xn--gve-vya48a.co,,,,,,,,
Homoglyph,xn--gov-s7y6w.co,,,,,,,,
Homoglyph,xn--roe-bgb6077a.co,,,,,,,,
Homoglyph,xn--roe-gsa6178a.co,,,,,,,,
Homoglyph,xn--rov-8la5x.co,,,,,,,,
Homoglyph,xn--grv-5qa2719a.co,,,,,,,,
Homoglyph,xn--grv-d7a5538a.co,,,,,,,,
Homoglyph,xn--qroe-nm4a.co,,,,,,,,
Homoglyph,xn--gro-xnb3737a.co,,,,,,,,
Homoglyph,xn--gro-j0yty.co,,,,,,,,
Homoglyph,xn--gov-drb1707a.co,,,,,,,,
Homoglyph,xn--rov-8la59p.co,,,,,,,,
Homoglyph,xn--gov-dma13r.co,,,,,,,,
Homoglyph,xn--gro-2ra8157a.co,,,,,,,,
Homoglyph,xn--ove-osa96o.co,,,,,,,,
Homoglyph,xn--grv-j0ys8b.co,,,,,,,,
Homoglyph,xn--gve-vya49h.co,,,,,,,,
Homoglyph,xn--gov-hma6878a.co,,,,,,,,
Homoglyph,xn--goe-4kb0926a.co,,,,,,,,
Homoglyph,xn--gve-nya49a.co,,,,,,,,
Homoglyph,xn--ove-mya33e.co,,,,,,,,
Homoglyph,xn--ove-gsa4y.co,,,,,,,,
Homoglyph,xn--roe-2fb6755c.co,,,,,,,,
Homoglyph,xn--grv-d7a54f.co,,,,,,,,
Homoglyph,xn--ove-wsa4058a.co,,,,,,,,
Homoglyph,xn--gov-3ya6297a.co,,,,,,,,
Homoglyph,xn--ove-dub9196a.co,,,,,,,,
Homoglyph,xn--goe-s7y5h.co,,,,,,,,
Homoglyph,xn--grov-yta.co,,,,,,,,
Homoglyph,xn--gov-hma66c.co,,,,,,,,
Homoglyph,xn--goe-hxb0575a.co,,,,,,,,
Homoglyph,xn--goe-87y041g.co,,,,,,,,
Homoglyph,xn--rov-hma09p.co,,,,,,,,
Homoglyph,xn--rov-5qa08n.co,,,,,,,,
Homoglyph,xn--govc-vcc.co,,,,,,,,
Homoglyph,xn--gve-zrb4957a.co,,,,,,,,
Homoglyph,xn--grov-eva.co,,,,,,,,
Homoglyph,xn--gro-hma8698a.co,,,,,,,,
Homoglyph,xn--gove-5g5a.co,,,,,,,,
Homoglyph,xn--gov-8la69o.co,,,,,,,,
Homoglyph,xn--rov-wsa72k.co,,,,,,,,
Homoglyph,xn--ove-whb4m.co,,,,,,,,
Homoglyph,xn--gov-mra61p.co,,,,,,,,
Homoglyph,xn--rov-wsa7898a.co,,,,,,,,
Homoglyph,xn--gov-8la65c.co,,,,,,,,
Homoglyph,xn--roe-whb6467a.co,,,,,,,,
Homoglyph,xn--ove-7ra96o.co,,,,,,,,
Homoglyph,xn--rov-dma07j.co,,,,,,,,
Homoglyph,xn--gr0e-s69b.co,,,,,,,,
Homoglyph,grovc.co,,,,,,,,
Homoglyph,xn--rov-7ra7228a.co,,,,,,,,
Homoglyph,xn--govc-04a.co,,,,,,,,
Homoglyph,xn--g0ve-q4a.co,,,,,,,,
Homoglyph,xn--gre-d7a4508a.co,,,,,,,,
Homoglyph,xn--rov-2ra54n.co,,,,,,,,
Homoglyph,xn--goe-hxb5184c.co,,,,,,,,
Homoglyph,xn--grv-d7a5657a.co,,,,,,,,
Homoglyph,xn--rve-sna72p.co,,,,,,,,
Homoglyph,xn--gov-era11p.co,,,,,,,,
Homoglyph,xn--gov-8la63r.co,,,,,,,,
Homoglyph,xn--goe-s7yvi.co,,,,,,,,
Homoglyph,xn--ove-osa4158a.co,,,,,,,,
Homoglyph,xn--rov-5qa0e.co,,,,,,,,
Homoglyph,xn--ove-dub4m.co,,,,,,,,
Homoglyph,xn--gove-vcc.co,,,,,,,,
Homoglyph,xn--grv-xnb2877a.co,,,,,,,,
Homoglyph,xn--grv-8la7739a.co,,,,,,,,
Homoglyph,xn--ove-clb80b.co,,,,,,,,
Homoglyph,xn--rov-whb7x.co,,,,,,,,
Homoglyph,xn--grov-3oa.co,,,,,,,,
Homoglyph,xn--qrve-mgb.co,,,,,,,,
Homoglyph,xn--gve-87y40a.co,,,,,,,,
Homoglyph,xn--grv-lob5j.co,,,,,,,,
Homoglyph,xn--rov-mra05h.co,,,,,,,,
Homoglyph,xn--gov-txb1427a.co,,,,,,,,
Homoglyph,xn--gov-nya6378a.co,,,,,,,,
Homoglyph,xn--goe-vya5348a.co,,,,,,,,
Homoglyph,xn--gro-qczuo.co,,,,,,,,
Homoglyph,xn--goe-3ya5248a.co,,,,,,,,
Homoglyph,xn--ove-uya84k.co,,,,,,,,
Homoglyph,xn--rove-9pb.co,,,,,,,,
Homoglyph,xn--ove-dub9k.co,,,,,,,,
Homoglyph,xn--gro-ura8257a.co,,,,,,,,
Homoglyph,xn--goe-dlb5947a.co,,,,,,,,
Homoglyph,xn--rov-era03i.co,,,,,,,,
Homoglyph,xn--grv-dma24n.co,,,,,,,,
Homoglyph,xn--rovc-zwa.co,,,,,,,,
Homoglyph,xn--ove-wsa93o.co,,,,,,,,
Homoglyph,xn--ove-8tb4196a.co,,,,,,,,
Homoglyph,xn--gve-kob3917a.co,,,,,,,,
Homoglyph,xn--roe-wsa1656c.co,,,,,,,,
Homoglyph,xn--rve-2fb5218a.co,,,,,,,,
Homoglyph,xn--govc-lwb.co,,,,,,,,
Homoglyph,xn--grv-ura2419a.co,,,,,,,,
Homoglyph,xn--qrov-jpa.co,,,,,,,,
Homoglyph,xn--gro-ljzy94f.co,,,,,,,,
Homoglyph,xn--grv-era2519a.co,,,,,,,,
Homoglyph,xn--rov-era0e.co,,,,,,,,
Homoglyph,xn--rve-gna22j.co,,,,,,,,
Homoglyph,xn--grv-hna5q.co,,,,,,,,
Homoglyph,xn--gre-lob9316a.co,,,,,,,,
Homoglyph,xn--roe-bgb1855c.co,,,,,,,,
Homoglyph,xn--ove-3kb81b.co,,,,,,,,
Homoglyph,xn--rve-bgb57a.co,,,,,,,,
Homoglyph,xn--ove-bgb97e.co,,,,,,,,
Homoglyph,xn--roe-8tb6017a.co,,,,,,,,
Homoglyph,xn--gov-mra14a.co,,,,,,,,
Homoglyph,xn--gov-4kb6j.co,,,,,,,,
Homoglyph,xn--roe-7ra1157a.co,,,,,,,,
Homoglyph,xn--gve-gna87q.co,,,,,,,,
Homoglyph,xn--rov-2fb7108a.co,,,,,,,,
Homoglyph,xn--gve-dlb4887a.co,,,,,,,,
Homoglyph,xn--ove-2ya39e.co,,,,,,,,
Homoglyph,xn--rve-kob2w.co,,,,,,,,
Homoglyph,xn--grv-hna56m.co,,,,,,,,
Homoglyph,xn--gr0v-ou5a.co,,,,,,,,
Homoglyph,xn--rve-wsa54d.co,,,,,,,,
Homoglyph,xn--ove-osa95o.co,,,,,,,,
Homoglyph,xn--gov-dma1978a.co,,,,,,,,
Homoglyph,xn--grov-ova.co,,,,,,,,
Homoglyph,xn--rov-ura0b.co,,,,,,,,
Homoglyph,xn--ove-2ya32e.co,,,,,,,,
Homoglyph,xn--gov-txb1546a.co,,,,,,,,
Homoglyph,xn--govc-q4a.co,,,,,,,,
Homoglyph,xn--goe-87yvh.co,,,,,,,,
Homoglyph,xn--gov-drb1a.co,,,,,,,,
Homoglyph,xn--gro-j0yy13g.co,,,,,,,,
Homoglyph,xn--rov-whb7397a.co,,,,,,,,
Homoglyph,xn--rov-2ra03h.co,,,,,,,,
Homoglyph,xn--rov-lma58p.co,,,,,,,,
Homoglyph,xn--roe-2fb6177a.co,,,,,,,,
Homoglyph,xn--roe-7ra1956c.co,,,,,,,,
Homoglyph,xn--rov-hma56j.co,,,,,,,,
Homoglyph,xn--rov-lma0z.co,,,,,,,,
Homoglyph,xn--roe-8tb1794c.co,,,,,,,,
Homoglyph,xn--gov-8la6288a.co,,,,,,,,
Homoglyph,xn--ove-uya30f.co,,,,,,,,
Homoglyph,xn--goe-vya0227a.co,,,,,,,,
Homoglyph,xn--roe-7ra6278a.co,,,,,,,,
Homoglyph,xn--gro-lma3798a.co,,,,,,,,
Homoglyph,xn--qrve-6qa.co,,,,,,,,
Homoglyph,xn--roe-8tb6907a.co,,,,,,,,
Homoglyph,xn--goe-nya0327a.co,,,,,,,,
Homoglyph,xn--gro-j0y3x.co,,,,,,,,
Homoglyph,xn--gro-lma3698a.co,,,,,,,,
Homoglyph,xn--ove-2fb4u.co,,,,,,,,
Homoglyph,xn--rve-kob7w.co,,,,,,,,
Homoglyph,xn--gov-lxb1646a.co,,,,,,,,
Homoglyph,xn--grve-6qa.co,,,,,,,,
Homoglyph,xn--qove-gdc.co,,,,,,,,
Homoglyph,xn--g0ve-54b.co,,,,,,,,
Homoglyph,xn--grv-hma2d.co,,,,,,,,
Homoglyph,xn--grvc-mgb.co,,,,,,,,
Homoglyph,xn--rve-gna2u.co,,,,,,,,
Homoglyph,xn--gov-xnb1027a.co,,,,,,,,
Homoglyph,xn--ove-bgb4s.co,,,,,,,,
Homoglyph,xn--grve-mgb.co,,,,,,,,
Homoglyph,xn--rov-5qa0f.co,,,,,,,,
Homoglyph,xn--gr0v-eva.co,,,,,,,,
Homoglyph,xn--grov-ou5a.co,,,,,,,,
Homoglyph,xn--grv-hna5r.co,,,,,,,,
Homoglyph,xn--gov-8la69l.co,,,,,,,,
Homoglyph,xn--goe-hxb0384c.co,,,,,,,,
Homoglyph,xn--rov-gsa74k.co,,,,,,,,
Homoglyph,xn--goe-5jy75c.co,,,,,,,,
Homoglyph,xn--goe-4kb5947a.co,,,,,,,,
Homoglyph,xn--ove-7ra40a.co,,,,,,,,
Homoglyph,xn--gov-2ra18o.co,,,,,,,,
Homoglyph,xn--ove-wsa40j.co,,,,,,,,
Homoglyph,xn--gre-tna9098a.co,,,,,,,,
Homoglyph,xn--gre-d7a4195c.co,,,,,,,,
Homoglyph,xn--gov-dma63r.co,,,,,,,,
Homoglyph,xn--r0ve-kqb.co,,,,,,,,
Homoglyph,xn--gov-5qa62p.co,,,,,,,,
Homoglyph,xn--goe-zrb5917a.co,,,,,,,,
Homoglyph,xn--gov-5qa63p.co,,,,,,,,
Homoglyph,xn--ove-gsa4558a.co,,,,,,,,
Homoglyph,xn--gro-lma8577a.co,,,,,,,,
Homoglyph,xn--roe-whb6367a.co,,,,,,,,
Homoglyph,xn--roe-2fb1955c.co,,,,,,,,
Homoglyph,xn--gve-sna80c.co,,,,,,,,
Homoglyph,xn--rve-gna74p.co,,,,,,,,
Homoglyph,xn--ove-wsa4158a.co,,,,,,,,
Homoglyph,xn--gro-xnb8616a.co,,,,,,,,
Homoglyph,xn--roe-bgb6177a.co,,,,,,,,
Homoglyph,xn--goe-txb5375a.co,,,,,,,,
Homoglyph,xn--ove-whb4l.co,,,,,,,,
Homoglyph,xn--roe-dub6885a.co,,,,,,,,
Homoglyph,xn--rve-gsa56d.co,,,,,,,,
Homoglyph,xn--grv-hma7b.co,,,,,,,,
Homoglyph,xn--gve-c7a31i.co,,,,,,,,
Homoglyph,xn--rovc-pwa.co,,,,,,,,
Homoglyph,xn--qove-vcc.co,,,,,,,,
Homoglyph,xn--grov-3zb.co,,,,,,,,
Homoglyph,xn--ove-7ra4z.co,,,,,,,,
Homoglyph,xn--gro-dma8677a.co,,,,,,,,
Homoglyph,xn--gve-sna86q.co,,,,,,,,
Homoglyph,xn--rovc-z7b.co,,,,,,,,
Homoglyph,xn--govc-qh5a.co,,,,,,,,
Homoglyph,xn--gov-era1758a.co,,,,,,,,
Homoglyph,xn--rov-mra02i.co,,,,,,,,
Homoglyph,xn--rove-zhc.co,,,,,,,,
Homoglyph,xn--ove-bgb4557a.co,,,,,,,,
Homoglyph,xn--rve-c7a26a.co,,,,,,,,
Homoglyph,xn--rov-bgb7127a.co,,,,,,,,
Homoglyph,xn--ove-gsa40a.co,,,,,,,,
Homoglyph,xn--gro-xnb8425c.co,,,,,,,,
Homoglyph,xn--grv-hma72g.co,,,,,,,,
Homoglyph,xn--roe-2fb1156a.co,,,,,,,,
Homoglyph,xn--grv-lma23n.co,,,,,,,,
Homoglyph,xn--ove-2ya83k.co,,,,,,,,
Homoglyph,xn--gve-gna3778a.co,,,,,,,,
Homoglyph,xn--ove-gsa42j.co,,,,,,,,
Homoglyph,xn--rve-sna23p.co,,,,,,,,
Homoglyph,xn--gove-5cc.co,,,,,,,,
Homoglyph,xn--rov-2rag.co,,,,,,,,
Homoglyph,xn--gov-hma6978a.co,,,,,,,,
Homoglyph,xn--roe-osa6556c.co,,,,,,,,
Homoglyph,xn--goe-vya0036c.co,,,,,,,,
Homoglyph,xn--gro-5qa3266c.co,,,,,,,,
Homoglyph,xn--qroe-dm5a.co,,,,,,,,
Homoglyph,xn--goe-vya5826c.co,,,,,,,,
Homoglyph,xn--ove-8tb9l.co,,,,,,,,
Homoglyph,xn--gre-5jyy3f.co,,,,,,,,
Homoglyph,xn--qroe-s69b.co,,,,,,,,
Homoglyph,xn--govc-vwb.co,,,,,,,,
Homoglyph,xn--ove-dub4k.co,,,,,,,,
Homoglyph,xn--gov-5qa1168a.co,,,,,,,,
Homoglyph,xn--gov-4kb6977a.co,,,,,,,,
Homoglyph,xn--goe-dxb0284c.co,,,,,,,,
Homoglyph,xn--gov-8la67c.co,,,,,,,,
Homoglyph,xn--gro-hma3486c.co,,,,,,,,
Homoglyph,xn--qrov-e4b.co,,,,,,,,
Homoglyph,xn--r0ve-z7b.co,,,,,,,,
Homoglyph,xn--rov-8la50a.co,,,,,,,,
Homoglyph,xn--groe-nm4a.co,,,,,,,,
Homoglyph,xn--groe-dm5a.co,,,,,,,,
Homoglyph,xn--gov-ura60p.co,,,,,,,,
Homoglyph,xn--goe-txb0496a.co,,,,,,,,
Homoglyph,xn--roe-dub6694c.co,,,,,,,,
Homoglyph,xn--gre-hna9976c.co,,,,,,,,
Homoglyph,xn--gro-drb3227a.co,,,,,,,,
Homoglyph,xn--gre-lob4437a.co,,,,,,,,
Homoglyph,xn--gro-2ra3378a.co,,,,,,,,
Homoglyph,xn--grv-hna5n.co,,,,,,,,
Homoglyph,xn--gr0v-8va.co,,,,,,,,
Homoglyph,xn--grv-mra21l.co,,,,,,,,
Homoglyph,xn--gve-dxb9637a.co,,,,,,,,
Homoglyph,xn--gov-2ra11a.co,,,,,,,,
Homoglyph,xn--rve-osa5909a.co,,,,,,,,
Homoglyph,xn--rov-bgb7008a.co,,,,,,,,
Homoglyph,xn--ove-7ra43j.co,,,,,,,,
Homoglyph,xn--gve-sna8578a.co,,,,,,,,
Homoglyph,xn--r0ve-9wa.co,,,,,,,,
Homoglyph,xn--rov-dma0y.co,,,,,,,,
Homoglyph,xn--rov-ura55n.co,,,,,,,,
Homoglyph,xn--rve-gsa5119a.co,,,,,,,,
Homoglyph,xn--gro-ljzs05f.co,,,,,,,,
Homoglyph,xn--grv-tna05m.co,,,,,,,,
Homoglyph,xn--roe-gsa1057a.co,,,,,,,,
Homoglyph,xn--ove-whb4547a.co,,,,,,,,
Homoglyph,xn--rov-xnb5z.co,,,,,,,,
Homoglyph,xn--gr0v-epa.co,,,,,,,,
Homoglyph,xn--rov-ura03h.co,,,,,,,,
Homoglyph,xn--gre-hna9177a.co,,,,,,,,
Homoglyph,xn--rve-bgb5018a.co,,,,,,,,
Homoglyph,xn--rov-lma07j.co,,,,,,,,
Homoglyph,xn--gro-8la3777a.co,,,,,,,,
Homoglyph,xn--ove-gsa97o.co,,,,,,,,
Homoglyph,xn--goe-dlb5847a.co,,,,,,,,
Homoglyph,xn--gr0v-ova.co,,,,,,,,
Homoglyph,xn--grve-rx5a.co,,,,,,,,
Homoglyph,xn--gro-ura8066c.co,,,,,,,,
Homoglyph,xn--gr0e-dm5a.co,,,,,,,,
Homoglyph,xn--rve-whb50a.co,,,,,,,,
Homoglyph,xn--gov-8la6978a.co,,,,,,,,
Homoglyph,xn--rve-osa55d.co,,,,,,,,
Homoglyph,xn--gov-hma68o.co,,,,,,,,
Homoglyph,xn--rove-zwa.co,,,,,,,,
Homoglyph,xn--ove-mya31f.co,,,,,,,,
Homoglyph,xn--gve-c7a3787a.co,,,,,,,,
Homoglyph,xn--gove-0cc.co,,,,,,,,
Homoglyph,xn--grv-dma2839a.co,,,,,,,,
Homoglyph,xn--grvc-rx5a.co,,,,,,,,
Homoglyph,xn--gro-ura3378a.co,,,,,,,,
Homoglyph,xn--gov-lma12r.co,,,,,,,,
Homoglyph,xn--ove-bgb4257a.co,,,,,,,,
Homoglyph,xn--rov-dma0x.co,,,,,,,,
Homoglyph,xn--gov-dma16c.co,,,,,,,,
Homoglyph,xn--gve-dlb4l.co,,,,,,,,
Homoglyph,xn--gve-kob81b.co,,,,,,,,
Homoglyph,xn--gve-c7a3887a.co,,,,,,,,
Homoglyph,xn--rov-era06h.co,,,,,,,,
Homoglyph,xn--grov-364a.co,,,,,,,,
Homoglyph,xn--gov-lma63r.co,,,,,,,,
Homoglyph,xn--ove-osa4y.co,,,,,,,,
Homoglyph,xn--groc-dm5a.co,,,,,,,,
Homoglyph,xn--gve-4kb4097a.co,,,,,,,,
Homoglyph,xn--gov-era18j.co,,,,,,,,
Homoglyph,xn--gov-vya6397a.co,,,,,,,,
Homoglyph,xn--grv-tna0q.co,,,,,,,,
Homoglyph,xn--gov-mra69o.co,,,,,,,,
Homoglyph,xn--rove-pwa.co,,,,,,,,
Homoglyph,xn--gov-mra12a.co,,,,,,,,
Homoglyph,xn--gov-5qa18m.co,,,,,,,,
Homoglyph,xn--ove-bgb95e.co,,,,,,,,
Homoglyph,xn--rov-drb0k.co,,,,,,,,
Homoglyph,xn--qove-b5a.co,,,,,,,,
Homoglyph,xn--gov-3ya6178a.co,,,,,,,,
Homoglyph,xn--rve-2fb58a.co,,,,,,,,
Homoglyph,xn--gre-xcz3s.co,,,,,,,,
Homoglyph,xn--ove-2fb4357a.co,,,,,,,,
Homoglyph,xn--gro-mra8357a.co,,,,,,,,
Homoglyph,xn--ove-osa41m.co,,,,,,,,
Homoglyph,xn--rov-hma5y.co,,,,,,,,
Homoglyph,xn--ove-whb90e.co,,,,,,,,
Homoglyph,xn--gov-5qa1958a.co,,,,,,,,
Homoglyph,xn--gove-q4a.co,,,,,,,,
Homoglyph,xn--gre-tna9676c.co,,,,,,,,
Homoglyph,xn--rov-bgb74a.co,,,,,,,,
Homoglyph,xn--qove-vwb.co,,,,,,,,
Homoglyph,xn--gve-sna36q.co,,,,,,,,
Homoglyph,xn--gov-drb6y.co,,,,,,,,
Homoglyph,xn--gov-era61p.co,,,,,,,,
Homoglyph,xn--rove-9wa.co,,,,,,,,
Homoglyph,xn--goe-3ya0127a.co,,,,,,,,
Homoglyph,xn--goe-vya5248a.co,,,,,,,,
Homoglyph,qrove.co,,,,,,,,
Homoglyph,xn--rov-osa7998a.co,,,,,,,,
Homoglyph,xn--goe-zrb0705c.co,,,,,,,,
Homoglyph,xn--ove-7ra4358a.co,,,,,,,,
Homoglyph,xn--gov-dlb6x.co,,,,,,,,
Homoglyph,xn--ove-8tb4l.co,,,,,,,,
Homoglyph,xn--ove-8tb4296a.co,,,,,,,,
Homoglyph,xn--goe-3ya5726c.co,,,,,,,,
Homoglyph,xn--gve-gna3478a.co,,,,,,,,
Homoglyph,xn--gov-2ra1558a.co,,,,,,,,
Homoglyph,xn--gov-mra17j.co,,,,,,,,
Homoglyph,xn--ove-wsa41j.co,,,,,,,,
Homoglyph,gr0ve.co,,,,,,,,
Homoglyph,xn--goe-nya5448a.co,,,,,,,,
Homoglyph,xn--ove-wsa4x.co,,,,,,,,
Homoglyph,xn--ove-bgb42c.co,,,,,,,,
Homoglyph,xn--gro-xnb3837a.co,,,,,,,,
Homoglyph,xn--grov-8oa.co,,,,,,,,
Homoglyph,xn--gro-mra3478a.co,,,,,,,,
Homoglyph,xn--roe-whb1155c.co,,,,,,,,
Homoglyph,xn--goe-dxb0696a.co,,,,,,,,
Homoglyph,xn--gve-txb9437a.co,,,,,,,,
Homoglyph,xn--rve-2fb5118a.co,,,,,,,,
Homoglyph,xn--rov-8la00q.co,,,,,,,,
Homoglyph,xn--gro-2ra3856c.co,,,,,,,,
Homoglyph,xn--gov-j0yrp.co,,,,,,,,
Homoglyph,xn--gov-8la66c.co,,,,,,,,
Homoglyph,xn--grv-ljz9d.co,,,,,,,,
Homoglyph,xn--gve-nya4488a.co,,,,,,,,
Homoglyph,xn--gov-era62p.co,,,,,,,,
Homoglyph,xn--grvc-rqa.co,,,,,,,,
Homoglyph,xn--goe-lxb0596a.co,,,,,,,,
Homoglyph,xn--qroe-d69b.co,,,,,,,,
Homoglyph,xn--grv-j0y27b.co,,,,,,,,
Homoglyph,xn--gov-zrb6076a.co,,,,,,,,
Homoglyph,xn--grvc-w0b.co,,,,,,,,
Homoglyph,xn--goe-4kb0735c.co,,,,,,,,
Homoglyph,xn--goe-nya5926c.co,,,,,,,,
Homoglyph,xn--rov-osa7028a.co,,,,,,,,
Homoglyph,xn--ove-osa4458a.co,,,,,,,,
Homoglyph,xn--gov-87y6v.co,,,,,,,,
Homoglyph,xn--gov-lma16c.co,,,,,,,,
Homoglyph,xn--gro-era8457a.co,,,,,,,,
Homoglyph,xn--gov-vya6278a.co,,,,,,,,
Homoglyph,xn--ove-whb99d.co,,,,,,,,
Homoglyph,xn--ove-dub9396a.co,,,,,,,,
Homoglyph,xn--rve-osa56k.co,,,,,,,,
Homoglyph,xn--roe-bgb6655c.co,,,,,,,,
Homoglyph,xn--ove-8tb4496a.co,,,,,,,,
Homoglyph,xn--rov-era0c.co,,,,,,,,
Homoglyph,xn--goe-dxb5384c.co,,,,,,,,
Homoglyph,xn--goe-k7yvi.co,,,,,,,,
Homoglyph,xn--rov-era0d.co,,,,,,,,
Homoglyph,xn--ove-dub4l.co,,,,,,,,
Homoglyph,xn--grv-5qa22e.co,,,,,,,,
Homoglyph,xn--gve-3ya47a.co,,,,,,,,
Homoglyph,xn--ove-whb4647a.co,,,,,,,,
Homoglyph,xn--gve-k7y42a.co,,,,,,,,
Homoglyph,xn--grv-hna5o.co,,,,,,,,
Homoglyph,xn--gve-s7y41a.co,,,,,,,,
Homoglyph,xn--rov-hma5x.co,,,,,,,,
Homoglyph,xn--gove-vwb.co,,,,,,,,
Homoglyph,xn--ove-7ra43m.co,,,,,,,,
Homoglyph,xn--gr0e-2l5a.co,,,,,,,,
Homoglyph,xn--gro-8la8386c.co,,,,,,,,
Homoglyph,xn--rov-5qa04i.co,,,,,,,,
Homoglyph,xn--gro-drb3327a.co,,,,,,,,
Homoglyph,xn--grv-dma7d.co,,,,,,,,
Homoglyph,xn--groe-d69b.co,,,,,,,,
Homoglyph,xn--rov-7ra7109a.co,,,,,,,,
Homoglyph,xn--rov-2fb7227a.co,,,,,,,,
Homoglyph,xn--gov-hma69l.co,,,,,,,,
Homoglyph,xn--gve-s7yu2a.co,,,,,,,,
Homoglyph,xn--grvc-hx5a.co,,,,,,,,
Homoglyph,xn--rovc-kxa.co,,,,,,,,
Homoglyph,xn--gre-2lz944f.co,,,,,,,,
Homoglyph,xn--goe-zrb0995a.co,,,,,,,,
Homoglyph,xn--g0ve-b5a.co,,,,,,,,
Homoglyph,xn--gve-hxb4537a.co,,,,,,,,
Homoglyph,xn--gro-lma8386c.co,,,,,,,,
Homoglyph,xn--gov-era17j.co,,,,,,,,
Homoglyph,xn--g0ve-5g5a.co,,,,,,,,
Homoglyph,xn--ove-gsa42m.co,,,,,,,,
Homoglyph,xn--gro-6jy98a.co,,,,,,,,
Homoglyph,xn--ove-2fb96e.co,,,,,,,,
Homoglyph,xn--grov-8va.co,,,,,,,,
Homoglyph,xn--gov-lma62r.co,,,,,,,,
Homoglyph,xn--grv-hna5p.co,,,,,,,,
Homoglyph,xn--gve-gna88q.co,,,,,,,,
Homoglyph,xn--gro-hma8286c.co,,,,,,,,
Homoglyph,xn--gve-gna89q.co,,,,,,,,
Homoglyph,xn--gve-vya4388a.co,,,,,,,,
Homoglyph,xn--qove-vg5a.co,,,,,,,,
Homoglyph,xn--rov-era07n.co,,,,,,,,
Homoglyph,xn--rov-uraq.co,,,,,,,,
Homoglyph,xn--ove-bgb96e.co,,,,,,,,
Homoglyph,xn--goe-zrb5027a.co,,,,,,,,
Homoglyph,xn--r0ve-pwa.co,,,,,,,,
Homoglyph,xn--grv-tna0129a.co,,,,,,,,
Homoglyph,xn--goe-87y531g.co,,,,,,,,
Homoglyph,xn--gro-era3166c.co,,,,,,,,
Homoglyph,xn--ove-2fb98e.co,,,,,,,,
Homoglyph,xn--gov-mra1658a.co,,,,,,,,
Homoglyph,xn--gve-kob30b.co,,,,,,,,
Homoglyph,xn--groe-2l5a.co,,,,,,,,
Homoglyph,xn--grv-hma73n.co,,,,,,,,
Homoglyph,xn--gov-ura1658a.co,,,,,,,,
Homoglyph,xn--qrov-epa.co,,,,,,,,
Homoglyph,xn--grvc-6qa.co,,,,,,,,
Homoglyph,xn--rov-gsa7009a.co,,,,,,,,
Homoglyph,xn--rov-2ra02h.co,,,,,,,,
Homoglyph,xn--rov-mra0b.co,,,,,,,,
Homoglyph,xn--rov-5qa58n.co,,,,,,,,
Homoglyph,xn--govc-gdc.co,,,,,,,,
Homoglyph,xn--gov-mra1958a.co,,,,,,,,
Homoglyph,xn--gre-2lzu44f.co,,,,,,,,
Homoglyph,xn--g0ve-0cc.co,,,,,,,,
Homoglyph,xn--gov-vya61j.co,,,,,,,,
Homoglyph,xn--rve-sna7q.co,,,,,,,,
Homoglyph,xn--grov-epa.co,,,,,,,,
Homoglyph,xn--ove-clb30b.co,,,,,,,,
Homoglyph,xn--ove-wsa4w.co,,,,,,,,
Homoglyph,xn--gre-d7a4608a.co,,,,,,,,
Homoglyph,xn--rovc-ksb.co,,,,,,,,
Homoglyph,xn--gre-hna4398a.co,,,,,,,,
Homoglyph,xn--goe-hxb5596a.co,,,,,,,,
Homoglyph,xn--rov-mra56n.co,,,,,,,,
Homoglyph,xn--grv-ura20l.co,,,,,,,,
Homoglyph,xn--ove-7ra44j.co,,,,,,,,
Homoglyph,xn--ove-whb45b.co,,,,,,,,
Homoglyph,xn--gov-ura15j.co,,,,,,,,
Homoglyph,xn--gro-drb3805c.co,,,,,,,,
Homoglyph,xn--gve-sna82l.co,,,,,,,,
Homoglyph,xn--gove-gdc.co,,,,,,,,
Homoglyph,xn--rov-lma04k.co,,,,,,,,
Homoglyph,xn--rve-gsa57k.co,,,,,,,,
Homoglyph,xn--grov-ota.co,,,,,,,,
Homoglyph,xn--gre-hna4298a.co,,,,,,,,
Homoglyph,xn--rov-dma59p.co,,,,,,,,
Homoglyph,xn--rov-ura0a.co,,,,,,,,
Homoglyph,xn--rve-sna7t.co,,,,,,,,
Homoglyph,xn--gov-lma14c.co,,,,,,,,
Homoglyph,xn--grv-2ra2319a.co,,,,,,,,
Homoglyph,xn--gov-lma61r.co,,,,,,,,
Homoglyph,xn--rov-dub2937a.co,,,,,,,,
Homoglyph,xn--ove-osa4z.co,,,,,,,,
Homoglyph,xn--gov-8la60m.co,,,,,,,,
Homoglyph,xn--gre-pcztt.co,,,,,,,,
Homoglyph,xn--gve-c7a37c.co,,,,,,,,
Homoglyph,xn--rov-mra0c.co,,,,,,,,
Homoglyph,xn--gov-2ra67o.co,,,,,,,,
Homoglyph,xn--ove-wsa4358a.co,,,,,,,,
Homoglyph,xn--goe-s7y541g.co,,,,,,,,
Homoglyph,xn--grv-dma23g.co,,,,,,,,
Homoglyph,xn--gre-lob9125c.co,,,,,,,,
Homoglyph,xn--groc-nm4a.co,,,,,,,,
Homoglyph,xn--g0ve-gdc.co,,,,,,,,
Hyphenation,g-rove.co,,,,,,,,
Hyphenation,gr-ove.co,,,,,,,,
Hyphenation,gro-ve.co,,,,,,,,
Hyphenation,grov-e.co,,,,,,,,
Insertion,grovge.co,,,,,,,,
Insertion,grocve.co,,,,,,,,
Insertion,grfove.co,,,,,,,,
Insertion,grtove.co,,,,,,,,
Insertion,grovce.co,,,,,,,,
Insertion,gr0ove.co,,,,,,,,
Insertion,greove.co,,,,,,,,
Insertion,grokve.co,,,,,,,,
Insertion,gdrove.co,,,,,,,,
Insertion,grlove.co,,,,,,,,
Insertion,gfrove.co,,,,,,,,
Insertion,gtrove.co,,,,,,,,
Insertion,gr5ove.co,,,,,,,,
Insertion,grobve.co,,,,,,,,
Insertion,g4rove.co,,,,,,,,
Insertion,groive.co,,,,,,,,
Insertion,grkove.co,,,,,,,,
Insertion,gro0ve.co,,,,,,,,
Insertion,grofve.co,,,,,,,,
Insertion,grovfe.co,,,,,,,,
Insertion,g5rove.co,,,,,,,,
Insertion,grolve.co,,,,,,,,
Insertion,grdove.co,,,,,,,,
Insertion,griove.co,,,,,,,,
Insertion,grogve.co,,,,,,,,
Insertion,grovbe.co,,,,,,,,
Insertion,gr9ove.co,,,,,,,,
Insertion,gerove.co,,,,,,,,
Insertion,gropve.co,,,,,,,,
Insertion,gr4ove.co,,,,,,,,
Insertion,grpove.co,,,,,,,,
Insertion,gro9ve.co,,,,,,,,
Omission,rove.co,199.59.242.153,,,ns1.bodis.com,,,,
Omission,gove.co,35.209.225.45,,gove-co.mail.protection.outlook.com,ns1.giowm1024.siteground.biz,,,,
Omission,grov.co,103.224.182.252,,,ns1.above.com,,,,
Omission,groe.co,64.90.36.97,,vade-in1.mail.dreamhost.com,ns1.dreamhost.com,,,,
Omission,grve.co,,,,,,,,
Repetition,g**.co,,,,,,,,
Repetition,grovve.co,,,,,,,,
Repetition,grrove.co,,,,,,,,
Repetition,groove.co,13.225.145.118,,,ns-1010.awsdns-62.net,,,,
Replacement,grovr.co,,,,,,,,
Replacement,grovz.co,,,,,,,,
Replacement,g5ove.co,,,,,,,,
Replacement,grovw.co,,,,,,,,
Replacement,brove.co,,,,,,,,
Replacement,grlve.co,,,,,,,,
Replacement,trove.co,198.185.159.144,,alt1.aspmx.l.google.com,jack.ns.cloudflare.com,,,,
Replacement,groce.co,103.224.182.243,,park-mx.above.com,ns1.above.com,,,,
Replacement,yrove.co,,,,,,,,
Replacement,gtove.co,,,,,,,,
Replacement,geove.co,103.224.182.246,,,ns1.above.com,,,,
Replacement,groge.co,,,,,,,,
Replacement,grobe.co,,,,ns1.undeveloped.com,,,,
Replacement,grov4.co,,,,,,,,
Replacement,grpve.co,,,,,,,,
Replacement,vrove.co,,,,,,,,
Replacement,grovs.co,,,,,,,,
Replacement,grive.co,,,park-mx.above.com,ns1.above.com,,,,
Replacement,grov3.co,,,,,,,,
Replacement,hrove.co,,,,,,,,
Replacement,gfove.co,,,,,,,,
Replacement,gr9ve.co,,,,,,,,
Replacement,gdove.co,,,,,,,,
Replacement,g4ove.co,,,,,,,,
Replacement,zrove.co,,,,,,,,
Subdomain,g.rove.co,199.59.242.153,,,,,,,
Subdomain,gr.ove.co,91.195.240.126,,mail.pickelhost.com,ns1.sedoparking.com,,,,
Subdomain,gro.ve.co,,,,,,,,
Subdomain,grov.e.co,107.180.50.227,,,,,,,
Transposition,rgove.co,,,,,,,,
Transposition,gorve.co,,,,,,,,
Transposition,grvoe.co,,,,,,,,
Transposition,groev.co,,,,,,,,
Vowel-swap,grovi.co,,,,,,,,
Vowel-swap,gruve.co,104.238.118.75,,mailstore1.secureserver.net,ns41.domaincontrol.com,,,,
Vowel-swap,greve.co,77.111.240.127,,mx1.pub.mailpod9-cph3.one.com,ns01.one.com,,,,
Vowel-swap,grave.co,192.64.147.188,,,ns1.voodoo.com,,,,
Vowel-swap,grovo.co,184.168.131.241,,mailstore1.secureserver.net,ns53.domaincontrol.com,,,,
Various,**co.co,216.239.32.21,,,ns-cloud-c1.googledomains.com,,,,
Various,**-co.com,,,,,,,,
